sample,time_ms,adc_value
0,282319,4095
1,283420,4095
2,284540,4095
3,285650,4095
4,286760,4095
5,287880,4095
6,289000,2925
7,290120,2967
8,291240,3129
9,292350,3043
10,293470,4095
11,294590,4095
12,295700,4095
13,296820,4095
14,297940,4095
15,299060,4095
16,300180,4095
17,301300,4095
18,302420,4095
19,303540,4095
20,304660,4095
21,305780,4095
22,306910,4095
23,308030,4095
24,309160,4095
25,310280,4095
26,311400,4095
27,312520,4095
28,313630,4095
29,314750,4095
30,315870,4095
31,316990,4095
32,318110,4095
33,319230,4095
34,320410,4095
35,321530,4095
36,322650,4095
37,323770,4095
38,324890,4095
39,326010,4095
40,327130,4095
41,328250,4095
42,329370,4095
0,880232,3.142
1,881350,3.142
2,882460,3.142
3,883580,3.142
4,884700,2.498
5,885820,2.367
6,886940,3.142
7,888060,3.142
8,889180,3.142
9,890300,3.142
